Радиатор Zehnder Charleston 3220/17 5410 Beige Quartz (3393 Вт) с креплением 3хSMB2T,154869,1,https://www.konturterm.ru/catalog/otoplenie/radiatory/stalnye_trubchatye/54040/
Радиатор Zehnder Charleston 3030/32 V001 Beige Quartz,72699,1,https://www.konturterm.ru/catalog/otoplenie/radiatory/stalnye_trubchatye/63365/
"Радиатор чугунный Konner ""Nostalgia"" (980 Вт) 6 СЕКЦИЙ",58038,4,https://www.konturterm.ru/catalog/otoplenie/radiatory/chugunnye/138970/
яКонвектор отопительный Katherm NK 272-2750-92 ролл алюм. (773 Вт),54262,1,https://www.konturterm.ru/catalog/otoplenie/radiatory/vnutripolnye_konvektory/50630/
яКонвектор отопительный Katherm NK 182-3400-92 ролл алюм. (852 Вт),49889,1,https://www.konturterm.ru/catalog/otoplenie/radiatory/vnutripolnye_konvektory/49642/
"Радиатор Zehnder Charleston 5055/20  1270 1/2"" RAL9016 (белый) (1820 Вт)",47934,2,https://www.konturterm.ru/catalog/otoplenie/radiatory/stalnye_trubchatye/54782/
яКонвектор отопительный Katherm NK 182-3600-92 ролл алюм. (907Вт),47315,1,https://www.konturterm.ru/catalog/otoplenie/radiatory/vnutripolnye_konvektory/59618/
"Радиатор Zehnder Charleston 4055/15  1270 1/2"" RAL0325TL ""Английские"" приварные ноги H-100мм",45858,1,https://www.konturterm.ru/catalog/otoplenie/radiatory/stalnye_trubchatye/60526/
яКонвектор отопительный Katherm NK 272-2250-92 ролл алюм. (654 Вт),45806,1,https://www.konturterm.ru/catalog/otoplenie/radiatory/vnutripolnye_konvektory/60936/
яКонвектор отопительный Katherm NK 182-2600-92 ролл алюм. (630Вт),42848,4,https://www.konturterm.ru/catalog/otoplenie/radiatory/vnutripolnye_konvektory/49520/
яКонвектор отопительный Katherm NK 182-3200-92 ролл алюм. (796 Вт),42635,3,https://www.konturterm.ru/catalog/otoplenie/radiatory/vnutripolnye_konvektory/50126/
"Радиатор Zehnder Charleston 3180/06 3470 1/2"" RAL9016 (белый) (996 Вт)",41805,10,https://www.konturterm.ru/catalog/otoplenie/radiatory/stalnye_trubchatye/54788/
Радиатор PURMO стальной панельный CV-33 600х2600 мм (6126 Вт),40940,7,https://www.konturterm.ru/catalog/otoplenie/radiatory/panelnye/54421/
яКонвектор отопительный Katherm NK 182-2800-92 ролл алюм. (686 Вт),39733,2,https://www.konturterm.ru/catalog/otoplenie/radiatory/vnutripolnye_konvektory/50499/
яКонвектор отопительный Katherm NK 182-2400-92 ролл алюм. (575 Вт),39520,1,https://www.konturterm.ru/catalog/otoplenie/radiatory/vnutripolnye_konvektory/57904/
яКонвектор отопительный Katherm NK 272-1750-92 ролл алюм. (487 Вт),37350,3,https://www.konturterm.ru/catalog/otoplenie/radiatory/vnutripolnye_konvektory/60935/
"Радиатор Zehnder Charleston 3057/20  1270 1/2"" RAL9016 (белый) (1140 Вт)",36520,2,https://www.konturterm.ru/catalog/otoplenie/radiatory/stalnye_trubchatye/54784/
"Радиатор Zehnder Charleston 4075/15  1270 1/2"" RAL9016 (белый) (1455 Вт)",36411,4,https://www.konturterm.ru/catalog/otoplenie/radiatory/stalnye_trubchatye/50557/
яКонвектор отопительный Katherm NK 182-2200-92 ролл алюм. (519 Вт),34320,2,https://www.konturterm.ru/catalog/otoplenie/radiatory/vnutripolnye_konvektory/58346/
Радиатор PURMO стальной панельный CV-33 300х3000 мм (4041 Вт),31630,1,https://www.konturterm.ru/catalog/otoplenie/radiatory/panelnye/57162/
"Радиатор Zehnder Charleston 3019/20  1270 1/2"" RAL9016 (белый) (400 Вт)",31287,2,https://www.konturterm.ru/catalog/otoplenie/radiatory/stalnye_trubchatye/54780/
яКонвектор отопительный Katherm NK 182-1400-92 ролл клен натур.,30949,2,https://www.konturterm.ru/catalog/otoplenie/radiatory/vnutripolnye_konvektory/57605/
яКонвектор отопительный Katherm NK 182-2000-92 ролл алюм. (464 Вт),29905,1,https://www.konturterm.ru/catalog/otoplenie/radiatory/vnutripolnye_konvektory/53195/
"Радиатор Zehnder Charleston 3035/20  1270 1/2"" RAL9016 (белый) (740 Вт)",29827,1,https://www.konturterm.ru/catalog/otoplenie/radiatory/stalnye_trubchatye/57604/
яКонвектор отопительный Katherm NK 182-1200-92 ролл клен натур.,29120,1,https://www.konturterm.ru/catalog/otoplenie/radiatory/vnutripolnye_konvektory/58234/
"Радиатор Zehnder Charleston 3120/9  1270 1/2"" RAL9016 (белый) (1035 Вт)",26926,2,https://www.konturterm.ru/catalog/otoplenie/radiatory/stalnye_trubchatye/60896/
"Радиатор Zehnder Charleston 5055/10  1270 1/2"" RAL9016 (белый) (910 Вт)",23967,1,https://www.konturterm.ru/catalog/otoplenie/radiatory/stalnye_trubchatye/54781/
Конвектор внутрипольный ITTZ.090.200.2600 (693 Вт),22233,1,https://www.konturterm.ru/catalog/otoplenie/radiatory/vnutripolnye_konvektory/141046/
Конвектор внутрипольный ITTZ.090.200.2800 (752 Вт),21386,1,https://www.konturterm.ru/catalog/otoplenie/radiatory/vnutripolnye_konvektory/141052/
Радиатор PURMO стальной панельный CV-22 600х1800 мм (3076 Вт),21210,2,https://www.konturterm.ru/catalog/otoplenie/radiatory/panelnye/57160/
Конвектор внутрипольный ITTZ.090.200.2400 (632 Вт),20937,4,https://www.konturterm.ru/catalog/otoplenie/radiatory/vnutripolnye_konvektory/140043/
Конвектор внутрипольный ITTZ.090.200.2200 (571 Вт),19212,1,https://www.konturterm.ru/catalog/otoplenie/radiatory/vnutripolnye_konvektory/141045/
"Радиатор Zehnder Charleston 2090/10  1270 1/2"" RAL9016 (белый) (640 Вт)",18423,2,https://www.konturterm.ru/catalog/otoplenie/radiatory/stalnye_trubchatye/54189/
Конвектор внутрипольный ITTZ.090.200.2000 (510 Вт),18270,3,https://www.konturterm.ru/catalog/otoplenie/radiatory/vnutripolnye_konvektory/140042/
"Радиатор чугун. Konner Модерн 500 (кран спускник, пробки 3/4"", 140 Вт) 10 секций",18265,33,https://www.konturterm.ru/catalog/otoplenie/radiatory/chugunnye/49305/
"Радиатор Zehnder Charleston 3057/10  1270 1/2"" RAL9016 (белый) (570 Вт)",18259,1,https://www.konturterm.ru/catalog/otoplenie/radiatory/stalnye_trubchatye/54783/
Радиатор PURMO стальной панельный C-22 900х1200 мм (2866 Вт),17530,5,https://www.konturterm.ru/catalog/otoplenie/radiatory/panelnye/139092/
"Радиатор Zehnder Charleston 3035/10  1270 1/2"" RAL9016 (белый) (370 Вт)",17084,3,https://www.konturterm.ru/catalog/otoplenie/radiatory/stalnye_trubchatye/60860/
Радиатор PURMO стальной панельный CV-22 300х2000 мм (1922 Вт),16990,2,https://www.konturterm.ru/catalog/otoplenie/radiatory/panelnye/57135/
Радиатор Borpan стальной панельный V-22 600х2000 мм (3308 Вт),16237,5,https://www.konturterm.ru/catalog/otoplenie/radiatory/panelnye/140622/
Конвектор внутрипольный ITTZ.090.200.1800 (451 Вт),16163,3,https://www.konturterm.ru/catalog/otoplenie/radiatory/vnutripolnye_konvektory/141044/
Радиатор PURMO стальной панельный CV-22 300х1800 мм (1730 Вт),15840,2,https://www.konturterm.ru/catalog/otoplenie/radiatory/panelnye/57134/
Радиатор PURMO стальной панельный C-22 900х1000 мм (2388 Вт),15200,9,https://www.konturterm.ru/catalog/otoplenie/radiatory/panelnye/139091/
Конвектор внутрипольный ITTZ.090.200.1600 (391 Вт),15196,5,https://www.konturterm.ru/catalog/otoplenie/radiatory/vnutripolnye_konvektory/140041/
Радиатор Borpan стальной панельный V-22 600х1800 мм (2977 Вт),14897,8,https://www.konturterm.ru/catalog/otoplenie/radiatory/panelnye/140621/
Радиатор Borpan стальной панельный V-22 500х2000 мм (2860 Вт),14630,2,https://www.konturterm.ru/catalog/otoplenie/radiatory/panelnye/140607/
Радиатор PURMO стальной панельный CV-22 600х900 мм (1538 Вт),14120,1,https://www.konturterm.ru/catalog/otoplenie/radiatory/panelnye/57154/
"Радиатор Zehnder Charleston 3019/10  1270 1/2"" RAL9016 (белый) (200 Вт)",14045,3,https://www.konturterm.ru/catalog/otoplenie/radiatory/stalnye_trubchatye/54779/
Решетка для конвектора SGZ-20 2600 ролл алюминий,13892,1,https://www.konturterm.ru/catalog/otoplenie/radiatory/vnutripolnye_konvektory/141051/
Конвектор внутрипольный ITTZ.090.200.1400 (331 Вт),13881,1,https://www.konturterm.ru/catalog/otoplenie/radiatory/vnutripolnye_konvektory/141043/
Радиатор PURMO стальной панельный C-22 500х1400 мм (2058 Вт),13610,5,https://www.konturterm.ru/catalog/otoplenie/radiatory/panelnye/57076/
Решетка для конвектора SGZ-20 2800 ролл алюминий,13600,1,https://www.konturterm.ru/catalog/otoplenie/radiatory/vnutripolnye_konvektory/141053/
Радиатор PURMO стальной панельный CV-22 300х1400 мм (1345 Вт),13510,1,https://www.konturterm.ru/catalog/otoplenie/radiatory/panelnye/57132/
Радиатор Borpan стальной панельный V-22 500х1800 мм (2574 Вт),13453,1,https://www.konturterm.ru/catalog/otoplenie/radiatory/panelnye/140606/
Радиатор Borpan стальной панельный V-22 600х1600 мм (2646 Вт),13426,14,https://www.konturterm.ru/catalog/otoplenie/radiatory/panelnye/140620/
Радиатор PURMO стальной панельный CV-11 600х2000 мм (2036 Вт),13240,1,https://www.konturterm.ru/catalog/otoplenie/radiatory/panelnye/57126/
Радиатор Borpan стальной панельный V-22 500х1600 мм (2288 Вт),13131,13,https://www.konturterm.ru/catalog/otoplenie/radiatory/panelnye/140605/
Радиатор биметаллический Fondital ALUSTAL bi 500/100 (170 Вт) 10 секций,12990,83,https://www.konturterm.ru/catalog/otoplenie/radiatory/bimetallicheskie/55007/
Решетка для конвектора SGZ-20 2400 ролл алюминий,12825,5,https://www.konturterm.ru/catalog/otoplenie/radiatory/vnutripolnye_konvektory/140047/
Радиатор Borpan стальной панельный V-22 600х1500 мм (2481 Вт),12760,10,https://www.konturterm.ru/catalog/otoplenie/radiatory/panelnye/140619/
Радиатор PURMO стальной панельный C-22 300х2000 мм (1922 Вт),12750,4,https://www.konturterm.ru/catalog/otoplenie/radiatory/panelnye/57065/
Радиатор PURMO стальной панельный C-22 900х 800 мм (1910 Вт),12630,4,https://www.konturterm.ru/catalog/otoplenie/radiatory/panelnye/57092/
Радиатор PURMO стальной панельный C-22 500х1100 мм (1617 Вт),12540,3,https://www.konturterm.ru/catalog/otoplenie/radiatory/panelnye/57074/
Радиатор Borpan стальной панельный C-22 600х1600 мм (2646 Вт),12278,1,https://www.konturterm.ru/catalog/otoplenie/radiatory/panelnye/140644/
Радиатор Borpan стальной панельный V-22 600х1400 мм (2316 Вт),12085,39,https://www.konturterm.ru/catalog/otoplenie/radiatory/panelnye/140618/
Радиатор PURMO стальной панельный CV-11 600х1600 мм (1629 Вт),11980,3,https://www.konturterm.ru/catalog/otoplenie/radiatory/panelnye/57124/
Конвектор внутрипольный ITTZ.090.200.1200 (271 Вт),11864,2,https://www.konturterm.ru/catalog/otoplenie/radiatory/vnutripolnye_konvektory/141042/
Радиатор Borpan стальной панельный V-22 500х1400 мм (2002 Вт),11842,40,https://www.konturterm.ru/catalog/otoplenie/radiatory/panelnye/140604/
Радиатор PURMO стальной панельный C-22 300х1800 мм (1730 Вт),11770,4,https://www.konturterm.ru/catalog/otoplenie/radiatory/panelnye/57064/
Решетка для конвектора SGZ-20 2200 ролл алюминий,11759,1,https://www.konturterm.ru/catalog/otoplenie/radiatory/vnutripolnye_konvektory/141050/
Комплект ножек 2xHFK (140-170) Zehnder RAL 9016 (белый),11593,11,https://www.konturterm.ru/catalog/otoplenie/radiatory/komplektuyushchie_dlya_radiatorov/49440/
Радиатор Borpan стальной панельный V-22 600х1300 мм (2150 Вт),11422,8,https://www.konturterm.ru/catalog/otoplenie/radiatory/panelnye/140617/
Радиатор IDMAR стальной панельный V-22 600х1200 мм (1869 Вт),11241,1,https://www.konturterm.ru/catalog/otoplenie/radiatory/panelnye/132180/
Радиатор PURMO стальной панельный CV-11 300х2000 мм (1092 Вт),11150,1,https://www.konturterm.ru/catalog/otoplenie/radiatory/panelnye/57101/
Радиатор Borpan стальной панельный V-11 600х2000 мм (1792 Вт),11060,1,https://www.konturterm.ru/catalog/otoplenie/radiatory/panelnye/140559/
Радиатор IDMAR стальной панельный V-22 500х1400 мм (1884 Вт),11032,1,https://www.konturterm.ru/catalog/otoplenie/radiatory/panelnye/132361/
Конвектор внутрипольный ITTZ.090.200.1000 (210 Вт),11018,4,https://www.konturterm.ru/catalog/otoplenie/radiatory/vnutripolnye_konvektory/140040/
Радиатор Borpan стальной панельный C-22 500х1600 мм (2288 Вт),10998,4,https://www.konturterm.ru/catalog/otoplenie/radiatory/panelnye/140633/
Радиатор PURMO стальной панельный C-33 500х600 мм (1221 Вт),10910,2,https://www.konturterm.ru/catalog/otoplenie/radiatory/panelnye/61578/
Радиатор алюминиевый Fondital Calidor Super B4 500/100 с нижним правым подключением (170 Вт) 10 секц,10900,11,https://www.konturterm.ru/catalog/otoplenie/radiatory/alyuminievye/55434/
Радиатор алюминиевый Fondital Exclusivo D3 500/100 (160 Вт) 10 секций,10890,84,https://www.konturterm.ru/catalog/otoplenie/radiatory/alyuminievye/52282/
Радиатор алюминиевый Fondital Exclusivo B4 350/100 (120 Вт) 10 секций,10890,54,https://www.konturterm.ru/catalog/otoplenie/radiatory/alyuminievye/57938/
Радиатор PURMO стальной панельный C-22 500х900 мм (1323 Вт),10850,1,https://www.konturterm.ru/catalog/otoplenie/radiatory/panelnye/57072/
Радиатор Borpan стальной панельный V-22 600х1200 мм (1985 Вт),10749,20,https://www.konturterm.ru/catalog/otoplenie/radiatory/panelnye/140616/
Решетка для конвектора SGZ-20 2000 ролл алюминий,10693,3,https://www.konturterm.ru/catalog/otoplenie/radiatory/vnutripolnye_konvektory/140046/
Радиатор PURMO стальной панельный C-22 300х1600 мм (1538 Вт),10660,1,https://www.konturterm.ru/catalog/otoplenie/radiatory/panelnye/57063/
"Радиатор чугун. Konner Модерн 300 (кран спускник, пробки 3/4"", 95 Вт) 10 секций",10470,56,https://www.konturterm.ru/catalog/otoplenie/radiatory/chugunnye/49304/
Радиатор Borpan стальной панельный V-22 300х1600 мм (1514 Вт),10399,5,https://www.konturterm.ru/catalog/otoplenie/radiatory/panelnye/140592/
Радиатор биметаллический Konner 500/100 (135 Вт) 12 секций,10290,31,https://www.konturterm.ru/catalog/otoplenie/radiatory/bimetallicheskie/60450/
Радиатор Borpan стальной панельный V-11 600х1800 мм (1613 Вт),10247,3,https://www.konturterm.ru/catalog/otoplenie/radiatory/panelnye/140558/
Радиатор алюминиевый Fondital Calidor Super B4 500/100 с нижним левым подключением (170 Вт) 10 секций,10190,23,https://www.konturterm.ru/catalog/otoplenie/radiatory/alyuminievye/61388/
Радиатор PURMO стальной панельный CV-33 450х400 мм (748 Вт),10166,3,https://www.konturterm.ru/catalog/otoplenie/radiatory/panelnye/57163/
Радиатор Borpan стальной панельный V-22 600х1100 мм (1819 Вт),10077,12,https://www.konturterm.ru/catalog/otoplenie/radiatory/panelnye/140615/
Радиатор PURMO стальной панельный CV-22 300х800 мм (769 Вт),10060,8,https://www.konturterm.ru/catalog/otoplenie/radiatory/panelnye/57129/
Радиатор PURMO стальной панельный C-22 500х800 мм (1176 Вт),9980,4,https://www.konturterm.ru/catalog/otoplenie/radiatory/panelnye/57071/
Радиатор Borpan стальной панельный V-22 500х1100 мм (1573 Вт),9922,54,https://www.konturterm.ru/catalog/otoplenie/radiatory/panelnye/140602/
Радиатор Borpan стальной панельный C-22 500х1400 мм (2002 Вт),9812,4,https://www.konturterm.ru/catalog/otoplenie/radiatory/panelnye/140632/
Радиатор PURMO стальной панельный CV-11 300х1600 мм (874 Вт),9810,2,https://www.konturterm.ru/catalog/otoplenie/radiatory/panelnye/57099/
Радиатор Borpan стальной панельный V-22 500х1200 мм (1716 Вт),9782,43,https://www.konturterm.ru/catalog/otoplenie/radiatory/panelnye/140603/
Радиатор PURMO стальной панельный CV-11 600х1100 мм (1120 Вт),9720,2,https://www.konturterm.ru/catalog/otoplenie/radiatory/panelnye/57121/
Радиатор Borpan стальной панельный C-22 600х1100 мм (1819 Вт),9698,4,https://www.konturterm.ru/catalog/otoplenie/radiatory/panelnye/140641/
Решетка для конвектора SGZ-20 1800 ролл алюминий,9627,3,https://www.konturterm.ru/catalog/otoplenie/radiatory/vnutripolnye_konvektory/141049/
Радиатор PURMO стальной панельный C-11 600х1800 мм (1832 Вт),9560,2,https://www.konturterm.ru/catalog/otoplenie/radiatory/panelnye/57056/
Радиатор PURMO стальной панельный C-11 900х1200 мм (1712 Вт),9560,10,https://www.konturterm.ru/catalog/otoplenie/radiatory/panelnye/139090/
Радиатор PURMO стальной панельный CV-11 900х800 мм (1142 Вт),9560,8,https://www.konturterm.ru/catalog/otoplenie/radiatory/panelnye/139094/
Радиатор PURMO стальной панельный CV-11 500х1400 мм (1215 Вт),9520,7,https://www.konturterm.ru/catalog/otoplenie/radiatory/panelnye/57111/
Радиатор Borpan стальной панельный V-22 300х1400 мм (1324 Вт),9462,16,https://www.konturterm.ru/catalog/otoplenie/radiatory/panelnye/140591/
Радиатор Borpan стальной панельный V-22 600х1000 мм (1654 Вт),9452,56,https://www.konturterm.ru/catalog/otoplenie/radiatory/panelnye/140614/
Радиатор PURMO стальной панельный C-11 500х1800 мм (1562 Вт),9320,6,https://www.konturterm.ru/catalog/otoplenie/radiatory/panelnye/57044/
Радиатор PURMO стальной панельный CV-11 500х1200 мм (1042 Вт),9320,1,https://www.konturterm.ru/catalog/otoplenie/radiatory/panelnye/57110/
Радиатор биметаллический Konner 500/80 (123 Вт) 12 секций,9290,102,https://www.konturterm.ru/catalog/otoplenie/radiatory/bimetallicheskie/54190/
Радиатор Borpan стальной панельный V-11 600х1600 мм (1434 Вт),9266,1,https://www.konturterm.ru/catalog/otoplenie/radiatory/panelnye/140557/
Радиатор PURMO стальной панельный CV-22 300х700 мм (673 Вт),9250,10,https://www.konturterm.ru/catalog/otoplenie/radiatory/panelnye/48893/
Радиатор Borpan стальной панельный V-11 500х1800 мм (1381 Вт),9221,3,https://www.konturterm.ru/catalog/otoplenie/radiatory/panelnye/140544/
Радиатор PURMO стальной панельный CV-21S 600х700 мм (938 Вт),9190,4,https://www.konturterm.ru/catalog/otoplenie/radiatory/panelnye/57249/
Радиатор Borpan стальной панельный C-22 600х1000 мм (1654 Вт),9019,4,https://www.konturterm.ru/catalog/otoplenie/radiatory/panelnye/140640/
Радиатор алюминиевый Konner LUX 500/80 (125 Вт) 12 секций,8990,9,https://www.konturterm.ru/catalog/otoplenie/radiatory/alyuminievye/61173/
Радиатор PURMO стальной панельный CV-11 300х1400 мм (764 Вт),8950,3,https://www.konturterm.ru/catalog/otoplenie/radiatory/panelnye/57098/
Радиатор PURMO стальной панельный CV-11 900х700 мм (999 Вт),8890,6,https://www.konturterm.ru/catalog/otoplenie/radiatory/panelnye/134084/
Радиатор PURMO стальной панельный CV-22 300х600 мм (577 Вт),8880,1,https://www.konturterm.ru/catalog/otoplenie/radiatory/panelnye/57128/
Радиатор Borpan стальной панельный V-11 600х1500 мм (1344 Вт),8854,2,https://www.konturterm.ru/catalog/otoplenie/radiatory/panelnye/140556/
Радиатор PURMO стальной панельный CV-11 600х900 мм (916 Вт),8840,6,https://www.konturterm.ru/catalog/otoplenie/radiatory/panelnye/57119/
Радиатор PURMO стальной панельный CV-11 500х1100 мм (955 Вт ),8830,9,https://www.konturterm.ru/catalog/otoplenie/radiatory/panelnye/57109/
Радиатор Borpan стальной панельный V-22 600х900 мм (1489 Вт),8787,37,https://www.konturterm.ru/catalog/otoplenie/radiatory/panelnye/140613/
Радиатор PURMO стальной панельный CV-22 500х400 мм (588 Вт),8700,4,https://www.konturterm.ru/catalog/otoplenie/radiatory/panelnye/57136/
Радиатор Borpan стальной панельный C-22 500х1200 мм (1716 Вт),8634,7,https://www.konturterm.ru/catalog/otoplenie/radiatory/panelnye/140631/
Радиатор Borpan стальной панельный V-22 500х1000 мм (1430 Вт),8624,18,https://www.konturterm.ru/catalog/otoplenie/radiatory/panelnye/140601/
Радиатор биметаллический Konner 500/100 (135 Вт) 10 секций,8590,81,https://www.konturterm.ru/catalog/otoplenie/radiatory/bimetallicheskie/49325/
Решетка для конвектора SGZ-20 1600 ролл алюминий,8561,5,https://www.konturterm.ru/catalog/otoplenie/radiatory/vnutripolnye_konvektory/140045/
Радиатор Borpan стальной панельный V-22 300х1200 мм (1135 Вт),8519,23,https://www.konturterm.ru/catalog/otoplenie/radiatory/panelnye/140590/
Радиатор PURMO стальной панельный CV-22 300х500 мм (481 Вт),8480,1,https://www.konturterm.ru/catalog/otoplenie/radiatory/panelnye/60886/
Радиатор PURMO стальной панельный C-22 300х1100 мм (1057 Вт),8460,1,https://www.konturterm.ru/catalog/otoplenie/radiatory/panelnye/57060/
Радиатор PURMO стальной панельный C-11 900х1000 мм (1427 Вт),8460,8,https://www.konturterm.ru/catalog/otoplenie/radiatory/panelnye/139089/
Радиатор PURMO стальной панельный C-11 500х1600 мм (1389 Вт),8340,7,https://www.konturterm.ru/catalog/otoplenie/radiatory/panelnye/50633/
Радиатор Borpan стальной панельный C-22 600х900 мм (1489 Вт),8296,7,https://www.konturterm.ru/catalog/otoplenie/radiatory/panelnye/140639/
Радиатор биметаллический Konner 200/100 (80 Вт) 12 секций,8290,4,https://www.konturterm.ru/catalog/otoplenie/radiatory/bimetallicheskie/54992/
Радиатор PURMO стальной панельный C-22 500х600 мм (882 Вт),8260,3,https://www.konturterm.ru/catalog/otoplenie/radiatory/panelnye/57069/
Радиатор PURMO стальной панельный CV-11 300х1200 мм (655 Вт),8210,1,https://www.konturterm.ru/catalog/otoplenie/radiatory/panelnye/57097/
Радиатор PURMO стальной панельный C-22 300х1000 мм (961 Вт),8170,1,https://www.konturterm.ru/catalog/otoplenie/radiatory/panelnye/57059/
Радиатор Borpan стальной панельный V-22 600х800 мм (1323 Вт),8124,63,https://www.konturterm.ru/catalog/otoplenie/radiatory/panelnye/140612/
Радиатор Borpan стальной панельный V-22 500х900 мм (1287 Вт),8061,24,https://www.konturterm.ru/catalog/otoplenie/radiatory/panelnye/140600/
Радиатор Borpan стальной панельный V-22 300х1100 мм (1041 Вт),8052,13,https://www.konturterm.ru/catalog/otoplenie/radiatory/panelnye/140589/
Радиатор Borpan стальной панельный V-11 600х1300 мм (1165 Вт),8044,2,https://www.konturterm.ru/catalog/otoplenie/radiatory/panelnye/140554/
Радиатор Borpan стальной панельный C-22 500х1100 мм (1573 Вт),8044,11,https://www.konturterm.ru/catalog/otoplenie/radiatory/panelnye/140630/
Радиатор Borpan стальной панельный V-22 600х700 мм (1158 Вт),8039,34,https://www.konturterm.ru/catalog/otoplenie/radiatory/panelnye/140611/
Радиатор PURMO стальной панельный C-11 600х1400 мм (1425 Вт),7970,3,https://www.konturterm.ru/catalog/otoplenie/radiatory/panelnye/57054/
Радиатор PURMO стальной панельный CV-11 600х800 мм (814 Вт),7840,2,https://www.konturterm.ru/catalog/otoplenie/radiatory/panelnye/57118/
Радиатор биметаллический Fondital ALUSTAL bi 500/100 (170 Вт) 6 секций,7790,23,https://www.konturterm.ru/catalog/otoplenie/radiatory/bimetallicheskie/51473/
Радиатор биметаллический Konner 500/80 (123 Вт) 10 секций,7790,322,https://www.konturterm.ru/catalog/otoplenie/radiatory/bimetallicheskie/57240/
Радиатор PURMO стальной панельный CV-11 600х700 мм (713 Вт),7750,1,https://www.konturterm.ru/catalog/otoplenie/radiatory/panelnye/57117/
Радиатор PURMO стальной панельный CV-11 600х600 мм (611 Вт),7690,4,https://www.konturterm.ru/catalog/otoplenie/radiatory/panelnye/57116/
Радиатор PURMO стальной панельный C-11 500х1400 мм (1215 Вт),7600,38,https://www.konturterm.ru/catalog/otoplenie/radiatory/panelnye/50632/
Радиатор алюминиевый Konner LUX 500/80 (125 Вт) 10 секций,7590,25,https://www.konturterm.ru/catalog/otoplenie/radiatory/alyuminievye/61499/
Радиатор Borpan стальной панельный V-22 300х1000 мм (946 Вт),7581,1,https://www.konturterm.ru/catalog/otoplenie/radiatory/panelnye/140588/
Решетка для конвектора SGZ-20 1400 ролл алюминий,7494,1,https://www.konturterm.ru/catalog/otoplenie/radiatory/vnutripolnye_konvektory/141048/
Радиатор алюминиевый Konner LUX 500/100 (130 Вт) 10 секций,7490,104,https://www.konturterm.ru/catalog/otoplenie/radiatory/alyuminievye/59635/
Радиатор PURMO стальной панельный CV-22 300х400 мм (384 Вт),7480,17,https://www.konturterm.ru/catalog/otoplenie/radiatory/panelnye/57127/
Радиатор Borpan стальной панельный C-22 500х1000 мм (1430 Вт),7477,19,https://www.konturterm.ru/catalog/otoplenie/radiatory/panelnye/140629/
Радиатор Borpan стальной панельный V-22 500х800 мм (1144 Вт),7469,49,https://www.konturterm.ru/catalog/otoplenie/radiatory/panelnye/140599/
Радиатор PURMO стальной панельный CV-11 300х1000 мм (546 Вт),7440,1,https://www.konturterm.ru/catalog/otoplenie/radiatory/panelnye/57096/
Радиатор SCHULTER стальной V-22 300х2000 (1710 Вт),7425,1,https://www.konturterm.ru/catalog/otoplenie/radiatory/panelnye/140069/
Радиатор PURMO стальной панельный C-11 900х800 мм (1142 Вт),7350,3,https://www.konturterm.ru/catalog/otoplenie/radiatory/panelnye/139088/
Радиатор PURMO стальной панельный C-11 600х1200 мм (1222 Вт),7230,9,https://www.konturterm.ru/catalog/otoplenie/radiatory/panelnye/57053/
Радиатор PURMO стальной панельный C-22 600х500 мм (855 Вт),7230,5,https://www.konturterm.ru/catalog/otoplenie/radiatory/panelnye/57080/
Радиатор Borpan стальной панельный V-11 600х1100 мм (986 Вт),7226,5,https://www.konturterm.ru/catalog/otoplenie/radiatory/panelnye/140552/
Радиатор алюминиевый Konner LUX 200/100 (80 Вт) 12 секций,7190,21,https://www.konturterm.ru/catalog/otoplenie/radiatory/alyuminievye/54993/
Радиатор Borpan стальной панельный V-11 300х1800 мм (889 Вт),7134,4,https://www.konturterm.ru/catalog/otoplenie/radiatory/panelnye/140531/
Радиатор PURMO стальной панельный C-11 500х1200 мм (1042 Вт),6990,20,https://www.konturterm.ru/catalog/otoplenie/radiatory/panelnye/57043/
Радиатор PURMO стальной панельный C-22 500х500 мм (735 Вт),6990,3,https://www.konturterm.ru/catalog/otoplenie/radiatory/panelnye/57068/
Радиатор биметаллический Konner 200/100 (80 Вт) 10 секций,6990,12,https://www.konturterm.ru/catalog/otoplenie/radiatory/bimetallicheskie/59256/
Радиатор Borpan стальной панельный C-22 600х800 мм (1323 Вт),6976,3,https://www.konturterm.ru/catalog/otoplenie/radiatory/panelnye/140638/
Радиатор PURMO стальной панельный CV-11 300х800 мм (437 Вт),6930,4,https://www.konturterm.ru/catalog/otoplenie/radiatory/panelnye/57095/
Радиатор Borpan стальной панельный C-22 500х900 мм (1287 Вт),6913,29,https://www.konturterm.ru/catalog/otoplenie/radiatory/panelnye/140628/
Радиатор Borpan стальной панельный V-22 500х700 мм (1001 Вт),6904,32,https://www.konturterm.ru/catalog/otoplenie/radiatory/panelnye/140598/
Радиатор алюминиевый Konner LUX 350/80 (80 Вт) 10 секций,6890,73,https://www.konturterm.ru/catalog/otoplenie/radiatory/alyuminievye/52418/
Радиатор биметаллический Konner 500/100 (135 Вт) 8 секций,6890,20,https://www.konturterm.ru/catalog/otoplenie/radiatory/bimetallicheskie/54462/
"Радиатор алюминиевый  Royal Thermo Indigo 500/100 (122 Вт, 20 бар) - 10 секций",6890,13,https://www.konturterm.ru/catalog/otoplenie/radiatory/alyuminievye/55365/
Радиатор PURMO стальной панельный C-11 600х1100 мм (1120 Вт),6860,2,https://www.konturterm.ru/catalog/otoplenie/radiatory/panelnye/57052/
Радиатор PURMO стальной панельный C-22 600х400 мм (684 Вт),6860,8,https://www.konturterm.ru/catalog/otoplenie/radiatory/panelnye/57079/
Радиатор Borpan стальной панельный C-22 600х700 мм (1158 Вт),6853,6,https://www.konturterm.ru/catalog/otoplenie/radiatory/panelnye/140637/
Радиатор Borpan стальной панельный V-11 600х1000 мм (896 Вт),6818,15,https://www.konturterm.ru/catalog/otoplenie/radiatory/panelnye/140551/
Радиатор Borpan стальной панельный V-22 600х600 мм (992 Вт),6776,40,https://www.konturterm.ru/catalog/otoplenie/radiatory/panelnye/140610/
Радиатор PURMO стальной панельный CV-11 300х500 мм (273 Вт),6760,14,https://www.konturterm.ru/catalog/otoplenie/radiatory/panelnye/50418/
Радиатор PURMO стальной панельный CV-11 500х500 мм (434 Вт ),6740,8,https://www.konturterm.ru/catalog/otoplenie/radiatory/panelnye/57103/
Радиатор PURMO стальной панельный CV-11 600х400 мм (407 Вт),6740,45,https://www.konturterm.ru/catalog/otoplenie/radiatory/panelnye/57114/
Радиатор PURMO стальной панельный C-22 500х400 мм (588 Вт),6620,6,https://www.konturterm.ru/catalog/otoplenie/radiatory/panelnye/57067/
"Радиатор алюминиевый  Royal Thermo Revolution  350/80 (83 Вт, 20 бар) - 10 секций",6590,39,https://www.konturterm.ru/catalog/otoplenie/radiatory/alyuminievye/52438/
Радиатор Borpan стальной панельный C-11 600х1100 мм (986 Вт),6577,3,https://www.konturterm.ru/catalog/otoplenie/radiatory/panelnye/140578/
Радиатор PURMO стальной панельный C-22 300х600 мм (577 Вт),6550,8,https://www.konturterm.ru/catalog/otoplenie/radiatory/panelnye/57057/
Радиатор Borpan стальной панельный V-11 300х1600 мм (790 Вт),6514,3,https://www.konturterm.ru/catalog/otoplenie/radiatory/panelnye/140530/
Радиатор PURMO стальной панельный C-11 300х1400 мм (764 Вт),6500,2,https://www.konturterm.ru/catalog/otoplenie/radiatory/panelnye/57035/
Радиатор PURMO стальной панельный C-11 500х1100 мм (955 Вт),6500,1,https://www.konturterm.ru/catalog/otoplenie/radiatory/panelnye/57042/
Радиатор PURMO стальной панельный CV-11 300х400 мм (218 Вт),6500,57,https://www.konturterm.ru/catalog/otoplenie/radiatory/panelnye/57093/
Решетка для конвектора SGZ-20 1200 ролл алюминий,6428,2,https://www.konturterm.ru/catalog/otoplenie/radiatory/vnutripolnye_konvektory/141047/
"Комплект крепежа Zehnder 2хSMB2T 0550 Black Quartz (высоты:1001-1800мм, секции:4-15шт.)",6418,3,https://www.konturterm.ru/catalog/otoplenie/radiatory/komplektuyushchie_dlya_radiatorov/53179/
Радиатор Borpan стальной панельный V-11 600х900 мм (806 Вт),6413,5,https://www.konturterm.ru/catalog/otoplenie/radiatory/panelnye/140550/
Радиатор Borpan стальной панельный C-22 500х800 мм (1144 Вт),6321,24,https://www.konturterm.ru/catalog/otoplenie/radiatory/panelnye/140627/
Радиатор Borpan стальной панельный V-22 500х600 мм (858 Вт),6312,20,https://www.konturterm.ru/catalog/otoplenie/radiatory/panelnye/140597/
Радиатор биметаллический Konner 500/80 (123 Вт) 8 секций,6190,43,https://www.konturterm.ru/catalog/otoplenie/radiatory/bimetallicheskie/51356/
Радиатор Borpan стальной панельный C-11 600х1000 мм (896 Вт),6138,5,https://www.konturterm.ru/catalog/otoplenie/radiatory/panelnye/140577/
Радиатор PURMO стальной панельный C-11 500х1000 мм (868 Вт),6130,6,https://www.konturterm.ru/catalog/otoplenie/radiatory/panelnye/57041/
Радиатор PURMO стальной панельный C-11 600х900 мм (916 Вт),6130,1,https://www.konturterm.ru/catalog/otoplenie/radiatory/panelnye/57050/
Радиатор Borpan стальной панельный V-22 600х500 мм (827 Вт),6128,25,https://www.konturterm.ru/catalog/otoplenie/radiatory/panelnye/140609/
Радиатор Borpan стальной панельный C-22 600х600 мм (992 Вт),6112,9,https://www.konturterm.ru/catalog/otoplenie/radiatory/panelnye/140636/
Радиатор Borpan стальной панельный V-11 300х1400 мм (692 Вт),6009,5,https://www.konturterm.ru/catalog/otoplenie/radiatory/panelnye/140529/
Радиатор Borpan стальной панельный V-11 600х800 мм (717 Вт),6003,3,https://www.konturterm.ru/catalog/otoplenie/radiatory/panelnye/140549/
Радиатор алюминиевый Konner LUX 200/100 (80 Вт) 10 секций,5990,85,https://www.konturterm.ru/catalog/otoplenie/radiatory/alyuminievye/58278/
Радиатор алюминиевый Konner LUX 500/80 (116 Вт) 8 секций,5990,25,https://www.konturterm.ru/catalog/otoplenie/radiatory/alyuminievye/61151/
Радиатор PURMO стальной панельный C-11 300х1200 мм (655 Вт),5880,3,https://www.konturterm.ru/catalog/otoplenie/radiatory/panelnye/57034/
Радиатор PURMO стальной панельный C-11 500х900 мм (781 Вт),5880,2,https://www.konturterm.ru/catalog/otoplenie/radiatory/panelnye/57040/
Радиатор Borpan стальной панельный C-22 500х700 мм (1001 Вт),5756,9,https://www.konturterm.ru/catalog/otoplenie/radiatory/panelnye/140626/
Радиатор Borpan стальной панельный V-22 500х500 мм (715 Вт),5742,59,https://www.konturterm.ru/catalog/otoplenie/radiatory/panelnye/140596/
Радиатор Borpan стальной панельный V-22 300х700 мм (662 Вт),5701,5,https://www.konturterm.ru/catalog/otoplenie/radiatory/panelnye/140585/
Радиатор PURMO стальной панельный C-22 300х500 мм (481 Вт),5700,6,https://www.konturterm.ru/catalog/otoplenie/radiatory/panelnye/49927/
Радиатор Borpan стальной панельный C-11 600х900 мм (806 Вт),5699,7,https://www.konturterm.ru/catalog/otoplenie/radiatory/panelnye/140576/
Радиатор Borpan стальной панельный V-22 300х600 мм (568 Вт),5664,5,https://www.konturterm.ru/catalog/otoplenie/radiatory/panelnye/140584/
Радиатор Borpan стальной панельный V-11 600х700 мм (627 Вт),5597,6,https://www.konturterm.ru/catalog/otoplenie/radiatory/panelnye/140548/
Радиатор Borpan стальной панельный V-11 300х1200 мм (593 Вт),5518,2,https://www.konturterm.ru/catalog/otoplenie/radiatory/panelnye/140528/
Радиатор алюминиевый Fondital Exclusivo D3 500/100 (160 Вт) 5 секций,5440,16,https://www.konturterm.ru/catalog/otoplenie/radiatory/alyuminievye/52283/
Радиатор SCHULTER стальной V-11 600х1900 (1493 Вт),5439,17,https://www.konturterm.ru/catalog/otoplenie/radiatory/panelnye/140072/
Радиатор Borpan стальной панельный C-11 500х1100 мм (844 Вт),5430,10,https://www.konturterm.ru/catalog/otoplenie/radiatory/panelnye/140567/
Радиатор Borpan стальной панельный V-22 600х400 мм (662 Вт),5413,17,https://www.konturterm.ru/catalog/otoplenie/radiatory/panelnye/140608/
Радиатор Borpan стальной панельный C-22 600х500 мм (827 Вт),5410,3,https://www.konturterm.ru/catalog/otoplenie/radiatory/panelnye/140635/
Радиатор PURMO стальной панельный C-11 500х800 мм (694 Вт),5390,8,https://www.konturterm.ru/catalog/otoplenie/radiatory/panelnye/57039/
Радиатор PURMO стальной панельный C-11 600х700 мм (713 Вт),5390,2,https://www.konturterm.ru/catalog/otoplenie/radiatory/panelnye/57048/
Решетка для конвектора SGZ-20 1000 ролл алюминий,5362,4,https://www.konturterm.ru/catalog/otoplenie/radiatory/vnutripolnye_konvektory/140044/
Радиатор PURMO стальной панельный C-11 300х1000 мм (546 Вт),5270,3,https://www.konturterm.ru/catalog/otoplenie/radiatory/panelnye/57033/
Радиатор Borpan стальной панельный V-11 300х1100 мм (543 Вт),5270,5,https://www.konturterm.ru/catalog/otoplenie/radiatory/panelnye/140527/
Радиатор Borpan стальной панельный V-22 300х500 мм (473 Вт),5195,2,https://www.konturterm.ru/catalog/otoplenie/radiatory/panelnye/140583/
Радиатор Borpan стальной панельный V-11 600х600 мм (538 Вт),5188,5,https://www.konturterm.ru/catalog/otoplenie/radiatory/panelnye/140547/
Радиатор Borpan стальной панельный C-22 500х600 мм (858 Вт),5164,23,https://www.konturterm.ru/catalog/otoplenie/radiatory/panelnye/140625/
Радиатор Borpan стальной панельный V-11 500х700 мм (537 Вт),5161,2,https://www.konturterm.ru/catalog/otoplenie/radiatory/panelnye/140536/
Радиатор PURMO стальной панельный C-11 500х700 мм (608 Вт),5150,5,https://www.konturterm.ru/catalog/otoplenie/radiatory/panelnye/50631/
Радиатор Borpan стальной панельный C-11 500х1000 мм (767 Вт),5083,7,https://www.konturterm.ru/catalog/otoplenie/radiatory/panelnye/140566/
Радиатор Borpan стальной панельный V-22 500х400 мм (572 Вт),5038,15,https://www.konturterm.ru/catalog/otoplenie/radiatory/panelnye/140595/
Радиатор PURMO стальной панельный C-11 600х500 мм (509 Вт),5030,6,https://www.konturterm.ru/catalog/otoplenie/radiatory/panelnye/57046/
Радиатор Borpan стальной панельный V-11 300х1000 мм (494 Вт),5020,5,https://www.konturterm.ru/catalog/otoplenie/radiatory/panelnye/140526/
Радиатор PURMO стальной панельный C-11 300х800 мм (437 Вт),4900,3,https://www.konturterm.ru/catalog/otoplenie/radiatory/panelnye/57032/
Радиатор PURMO стальной панельный C-11 500х600 мм (521 Вт),4900,20,https://www.konturterm.ru/catalog/otoplenie/radiatory/panelnye/57038/
Радиатор PURMO стальной панельный C-11 600х400 мм (407 Вт),4900,5,https://www.konturterm.ru/catalog/otoplenie/radiatory/panelnye/57045/
Радиатор Borpan стальной панельный V-11 500х600 мм (460 Вт),4810,3,https://www.konturterm.ru/catalog/otoplenie/radiatory/panelnye/140535/
"Комплект ключей Fondital для сборки алюминиевых радиаторов 3/4""x1""",4787,7,https://www.konturterm.ru/catalog/otoplenie/radiatory/komplektuyushchie_dlya_radiatorov/53928/
Радиатор Borpan стальной панельный V-11 600х500 мм (448 Вт),4781,9,https://www.konturterm.ru/catalog/otoplenie/radiatory/panelnye/140546/
Радиатор PURMO стальной панельный C-11 500х500 мм (434 Вт),4780,5,https://www.konturterm.ru/catalog/otoplenie/radiatory/panelnye/57037/
Радиатор Borpan стальной панельный C-11 500х900 мм (690 Вт),4723,17,https://www.konturterm.ru/catalog/otoplenie/radiatory/panelnye/140565/
Радиатор биметаллический Konner 500/80 (123 Вт) 6 секций,4690,67,https://www.konturterm.ru/catalog/otoplenie/radiatory/bimetallicheskie/61060/
Радиатор PURMO стальной панельный C-11 500х400 мм (347 Вт),4660,21,https://www.konturterm.ru/catalog/otoplenie/radiatory/panelnye/57036/
Радиатор SCHULTER стальной V-33 400х 800 (1241 Вт),4657,1,https://www.konturterm.ru/catalog/otoplenie/radiatory/panelnye/140064/
Радиатор Borpan стальной панельный C-22 500х500 мм (715 Вт),4595,14,https://www.konturterm.ru/catalog/otoplenie/radiatory/panelnye/140624/
Радиатор Borpan стальной панельный V-22 300х400 мм (378 Вт),4562,7,https://www.konturterm.ru/catalog/otoplenie/radiatory/panelnye/140582/
Радиатор SCHULTER стальной V-11 600х1200 (995 Вт),4528,1,https://www.konturterm.ru/catalog/otoplenie/radiatory/panelnye/140076/
Радиатор Borpan стальной панельный V-11 300х800 мм (395 Вт),4517,5,https://www.konturterm.ru/catalog/otoplenie/radiatory/panelnye/140524/
Радиатор алюминиевый Konner LUX 500/80 (125 Вт) 6 секций,4490,30,https://www.konturterm.ru/catalog/otoplenie/radiatory/alyuminievye/54336/
Радиатор Borpan стальной панельный V-11 500х500 мм (384 Вт),4457,14,https://www.konturterm.ru/catalog/otoplenie/radiatory/panelnye/140534/
Радиатор PURMO стальной панельный C-11 300х600 мм (328 Вт),4410,1,https://www.konturterm.ru/catalog/otoplenie/radiatory/panelnye/57031/
Радиатор SCHULTER стальной V-22 400х 600 (661 Вт),4386,4,https://www.konturterm.ru/catalog/otoplenie/radiatory/panelnye/140080/
Радиатор Borpan стальной панельный V-11 600х400 мм (358 Вт),4373,1,https://www.konturterm.ru/catalog/otoplenie/radiatory/panelnye/140545/
Радиатор Borpan стальной панельный C-11 500х800 мм (614 Вт),4373,1,https://www.konturterm.ru/catalog/otoplenie/radiatory/panelnye/140564/
Радиатор Borpan стальной панельный C-11 600х600 мм (538 Вт),4373,3,https://www.konturterm.ru/catalog/otoplenie/radiatory/panelnye/140573/
Радиатор Borpan стальной панельный V-11 500х400 мм (307 Вт),4334,6,https://www.konturterm.ru/catalog/otoplenie/radiatory/panelnye/140533/
Радиатор SCHULTER стальной V-33 400х 700 (1086 Вт),4288,15,https://www.konturterm.ru/catalog/otoplenie/radiatory/panelnye/140070/
Радиатор SCHULTER стальной V-22 600х 600 (935 Вт),4285,12,https://www.konturterm.ru/catalog/otoplenie/radiatory/panelnye/140079/
Радиатор Borpan стальной панельный V-11 300х700 мм (346 Вт),4266,5,https://www.konturterm.ru/catalog/otoplenie/radiatory/panelnye/140523/
Радиатор Borpan стальной панельный C-22 600х400 мм (662 Вт),4266,4,https://www.konturterm.ru/catalog/otoplenie/radiatory/panelnye/140634/
Радиатор SCHULTER стальной C-22 300х1200 (1026 Вт),4031,1,https://www.konturterm.ru/catalog/otoplenie/radiatory/panelnye/140081/
Радиатор Borpan стальной панельный V-11 300х600 мм (296 Вт),4016,3,https://www.konturterm.ru/catalog/otoplenie/radiatory/panelnye/140522/
Радиатор Borpan стальной панельный C-11 500х700 мм (537 Вт),4013,4,https://www.konturterm.ru/catalog/otoplenie/radiatory/panelnye/140563/
Радиатор Borpan стальной панельный C-11 600х500 мм (448 Вт),3933,5,https://www.konturterm.ru/catalog/otoplenie/radiatory/panelnye/140572/
Радиатор SCHULTER стальной V-11 400х1000 (586 Вт),3927,1,https://www.konturterm.ru/catalog/otoplenie/radiatory/panelnye/140066/
Радиатор SCHULTER стальной V-33 400х 600 (931 Вт),3919,1,https://www.konturterm.ru/catalog/otoplenie/radiatory/panelnye/140071/
Радиатор Borpan стальной панельный C-22 500х400 мм (572 Вт),3891,7,https://www.konturterm.ru/catalog/otoplenie/radiatory/panelnye/140623/
Радиатор SCHULTER стальной V-22 500х 400 (538 Вт),3796,43,https://www.konturterm.ru/catalog/otoplenie/radiatory/panelnye/140068/
Радиатор Borpan стальной панельный V-11 300х500 мм (247 Вт),3768,2,https://www.konturterm.ru/catalog/otoplenie/radiatory/panelnye/140521/
"Крепление PURMO напольное  H200 (CV22,CV33,CV44)",3737,32,https://www.konturterm.ru/catalog/otoplenie/radiatory/komplektuyushchie_dlya_radiatorov/57812/
Радиатор Borpan стальной панельный C-11 500х600 мм (460 Вт),3663,6,https://www.konturterm.ru/catalog/otoplenie/radiatory/panelnye/140562/
Радиатор Borpan стальной панельный C-11 500х500 мм (384 Вт),3582,7,https://www.konturterm.ru/catalog/otoplenie/radiatory/panelnye/140561/
Радиатор SCHULTER стальной V-33 400х 500 (776 Вт),3548,3,https://www.konturterm.ru/catalog/otoplenie/radiatory/panelnye/140073/
Радиатор Borpan стальной панельный C-11 600х400 мм (358 Вт),3490,3,https://www.konturterm.ru/catalog/otoplenie/radiatory/panelnye/140571/
Радиатор SCHULTER стальной V-11 600х 800 (664 Вт),3443,14,https://www.konturterm.ru/catalog/otoplenie/radiatory/panelnye/140074/
Радиатор SCHULTER стальной C-11 600х1400 (1161 Вт),3438,3,https://www.konturterm.ru/catalog/otoplenie/radiatory/panelnye/140065/
"Комплект для монтажа алюм.радиаторов FONDITAL Mood/Tribeca 1/2""",2919,1,https://www.konturterm.ru/catalog/otoplenie/radiatory/komplektuyushchie_dlya_radiatorov/49403/
Радиатор SCHULTER стальной V-11 500х 400 (285 Вт),2880,31,https://www.konturterm.ru/catalog/otoplenie/radiatory/panelnye/140077/
"Кран обратки угловой 1/2"" ARTISTIC бронза (1/2РН- 1/2РВ) -CarloPoletti-",2818,4,https://www.konturterm.ru/catalog/otoplenie/radiatory/komplektuyushchie_dlya_radiatorov/54772/
"Комплект крепежа Zehnder 2хSMB30 белый (высоты: 300-369мм, секции: 4-22шт.)",2686,2,https://www.konturterm.ru/catalog/otoplenie/radiatory/komplektuyushchie_dlya_radiatorov/54790/
"Комплект крепежа Zehnder 2хSMB50 белый (высоты: 485-679мм, секции: 4-22шт.)",2686,3,https://www.konturterm.ru/catalog/otoplenie/radiatory/komplektuyushchie_dlya_radiatorov/54791/
Ключ Fondital для сборки алюминиевых радиаторов (А26),2663,9,https://www.konturterm.ru/catalog/otoplenie/radiatory/komplektuyushchie_dlya_radiatorov/57438/
"Кран обратки Herz ""DE LUXE"" прямой 1/2"", белый",2652,7,https://www.konturterm.ru/catalog/otoplenie/radiatory/komplektuyushchie_dlya_radiatorov/49842/
"Кран обратки Herz ""DE LUXE"" угловой 1/2"", черный",2652,26,https://www.konturterm.ru/catalog/otoplenie/radiatory/komplektuyushchie_dlya_radiatorov/50886/
"Кран обратки Herz ""DE LUXE"" угловой 1/2"", белый",2652,19,https://www.konturterm.ru/catalog/otoplenie/radiatory/komplektuyushchie_dlya_radiatorov/51558/
"Кран обратки Herz-RL-Design угловой G1/2""-M22x1,5 хром",2491,21,https://www.konturterm.ru/catalog/otoplenie/radiatory/komplektuyushchie_dlya_radiatorov/59331/
Радиатор SCHULTER стальной C-22 500х 400 (538 Вт),2263,1,https://www.konturterm.ru/catalog/otoplenie/radiatory/panelnye/140067/
"Кран обратки Herz-RL-Design угловой G1/2""-M22x1,5 белый",2007,1,https://www.konturterm.ru/catalog/otoplenie/radiatory/komplektuyushchie_dlya_radiatorov/49476/
"Крепление Borpan напольное для стальных панельных радиаторов H300мм (стойка, 1шт.)",1676,10,https://www.konturterm.ru/catalog/otoplenie/radiatory/komplektuyushchie_dlya_radiatorov/140472/
"Кран обратки трехосевой Herz RL-3 ""AB""-Design 1/2""-М22х1,5, белый, левый",1535,9,https://www.konturterm.ru/catalog/otoplenie/radiatory/komplektuyushchie_dlya_radiatorov/51864/
"Перекрестие Gappo для подкл. радиатора 3/4"" с запорным вентилем",1388,8,https://www.konturterm.ru/catalog/otoplenie/radiatory/komplektuyushchie_dlya_radiatorov/140734/
"Кран радиаторный прямой 1/2"" Herz AS-T-90",1261,21,https://www.konturterm.ru/catalog/otoplenie/radiatory/komplektuyushchie_dlya_radiatorov/49789/
"Кран радиаторный угловой 1/2"" Herz AS-T-90",1215,12,https://www.konturterm.ru/catalog/otoplenie/radiatory/komplektuyushchie_dlya_radiatorov/53329/
Узел подключения 1-трубных систем 1/2хG3/4 Herz-2000,1160,3,https://www.konturterm.ru/catalog/otoplenie/radiatory/komplektuyushchie_dlya_radiatorov/53556/
Узел подключения 2-трубных систем 1/2 х G3/4 Herz-2000,1160,9,https://www.konturterm.ru/catalog/otoplenie/radiatory/komplektuyushchie_dlya_radiatorov/53557/
"Набор подключения радиатора ARCO 1/2"" (клапан угловой, кран угловой, термостатическая головка)",1146,1,https://www.konturterm.ru/catalog/otoplenie/radiatory/komplektuyushchie_dlya_radiatorov/54077/
"Подключение радиаторное Herz-3000 2-е прямое РН 1/2""",1142,45,https://www.konturterm.ru/catalog/otoplenie/radiatory/komplektuyushchie_dlya_radiatorov/56676/
"Подключение радиаторное Herz-3000 2-е угловое РН 1/2""",1142,251,https://www.konturterm.ru/catalog/otoplenie/radiatory/komplektuyushchie_dlya_radiatorov/56677/
Крепление для алюминиевых радиаторов Royal Thermo (напольное),1072,9,https://www.konturterm.ru/catalog/otoplenie/radiatory/komplektuyushchie_dlya_radiatorov/58494/
Ключ монтажный для разъемных соединений Herz,1053,1,https://www.konturterm.ru/catalog/otoplenie/radiatory/komplektuyushchie_dlya_radiatorov/139144/
"Крепеж AKK (для Zehnder Charlston, 2-3 колонны) 9016 белый",1029,13,https://www.konturterm.ru/catalog/otoplenie/radiatory/komplektuyushchie_dlya_radiatorov/51441/
"Трубка для подключения радиатора Carlo Poletti d15хL140, 1/2"", белая",1020,2,https://www.konturterm.ru/catalog/otoplenie/radiatory/komplektuyushchie_dlya_radiatorov/59095/
Комплект кронштейнов для алюминиевых радиаторов Fondital,1009,6,https://www.konturterm.ru/catalog/otoplenie/radiatory/komplektuyushchie_dlya_radiatorov/61352/
"Комплект декоративный Herz круглого исполнения, розетки диаметром 55 мм, хромированный",961,18,https://www.konturterm.ru/catalog/otoplenie/radiatory/komplektuyushchie_dlya_radiatorov/61237/
"Трубка для подключения радиатора Carlo Poletti d15хL140, 1/2"", хромированный",952,24,https://www.konturterm.ru/catalog/otoplenie/radiatory/komplektuyushchie_dlya_radiatorov/59094/
Ключ многофункциональный Herz,857,5,https://www.konturterm.ru/catalog/otoplenie/radiatory/komplektuyushchie_dlya_radiatorov/139143/
"Привод ручной Herz De Luxe ""Design"" M28x1,5 хром",744,10,https://www.konturterm.ru/catalog/otoplenie/radiatory/komplektuyushchie_dlya_radiatorov/139878/
"Кран обратки прямой 3/4"" Herz-RL-1",694,14,https://www.konturterm.ru/catalog/otoplenie/radiatory/komplektuyushchie_dlya_radiatorov/56228/
"Кран обратки угловой 3/4"" Herz-RL-1",694,4,https://www.konturterm.ru/catalog/otoplenie/radiatory/komplektuyushchie_dlya_radiatorov/56230/
"Подключение радиаторное Gappo угловое 3/4""x3/4"" ЕК",667,36,https://www.konturterm.ru/catalog/otoplenie/radiatory/komplektuyushchie_dlya_radiatorov/140727/
"Подключение радиаторное Gappo прямое 3/4""x3/4"" ЕК",655,45,https://www.konturterm.ru/catalog/otoplenie/radiatory/komplektuyushchie_dlya_radiatorov/140728/
"Комплект 1/2"" (кран прямой и кран обратки) серия TEIDE ARCO",640,1,https://www.konturterm.ru/catalog/otoplenie/radiatory/komplektuyushchie_dlya_radiatorov/52616/
"Комплект 1/2"" (кран угловой и кран обратки) серия TEIDE ARCO",632,31,https://www.konturterm.ru/catalog/otoplenie/radiatory/komplektuyushchie_dlya_radiatorov/52615/
Крепление для радиаторов (напольное) высота 630 мм,632,3,https://www.konturterm.ru/catalog/otoplenie/radiatory/komplektuyushchie_dlya_radiatorov/59208/
Трубка соединительная диаметр 15х1 (550) для Herz2000,611,3,https://www.konturterm.ru/catalog/otoplenie/radiatory/komplektuyushchie_dlya_radiatorov/53555/
"Кран обратки прямой 1/2"" Herz-RL-1",600,177,https://www.konturterm.ru/catalog/otoplenie/radiatory/komplektuyushchie_dlya_radiatorov/56227/
"Кран обратки угловой 1/2"" Herz-RL-1",600,478,https://www.konturterm.ru/catalog/otoplenie/radiatory/komplektuyushchie_dlya_radiatorov/56229/
Крепление для алюминиевых радиаторов Royal Thermo (настенное),599,3,https://www.konturterm.ru/catalog/otoplenie/radiatory/komplektuyushchie_dlya_radiatorov/61350/
"Кран спускник воздуха 1/2"" ARCO",590,1,https://www.konturterm.ru/catalog/otoplenie/radiatory/komplektuyushchie_dlya_radiatorov/139165/
"Кран радиаторный прямой 1/2""хром Teide ARCO (подача)",589,53,https://www.konturterm.ru/catalog/otoplenie/radiatory/komplektuyushchie_dlya_radiatorov/49807/
"Кран радиаторный прямой 3/4"" (РВ х РН)  серия TEIDE ARCO",558,5,https://www.konturterm.ru/catalog/otoplenie/radiatory/komplektuyushchie_dlya_radiatorov/49318/
"Кран обратки ARCO прямой 3/4"" под шестигранник Lockshield",554,4,https://www.konturterm.ru/catalog/otoplenie/radiatory/komplektuyushchie_dlya_radiatorov/54694/
"Кран радиаторный угловой 1/2""хром Teide ARCO (подача)",534,2,https://www.konturterm.ru/catalog/otoplenie/radiatory/komplektuyushchie_dlya_radiatorov/51251/
"Кран радиаторный угловой 3/4"" (РВ х РН)  серия TEIDE ARCO",533,44,https://www.konturterm.ru/catalog/otoplenie/radiatory/komplektuyushchie_dlya_radiatorov/49320/
"Комплект Fondital для монтажа алюм.радиаторов 3/4""х3/4"" (4 пробки 1/2"",спускник воздуха, заглушка)",529,12,https://www.konturterm.ru/catalog/otoplenie/radiatory/komplektuyushchie_dlya_radiatorov/53925/
"Кран обратки ARCO угловой 3/4"" под шестигранник Lockshield",525,11,https://www.konturterm.ru/catalog/otoplenie/radiatory/komplektuyushchie_dlya_radiatorov/52612/
"Кран обратки прямой 1/2""хром Teide ARCO",512,74,https://www.konturterm.ru/catalog/otoplenie/radiatory/komplektuyushchie_dlya_radiatorov/60802/
"Привод ручной Herz De Luxe ""Design"" M28x1,5 белый",509,4,https://www.konturterm.ru/catalog/otoplenie/radiatory/komplektuyushchie_dlya_radiatorov/140747/
Набор присоединительный 1/2 черный для секционных радиаторов Royal Thermo,471,16,https://www.konturterm.ru/catalog/otoplenie/radiatory/komplektuyushchie_dlya_radiatorov/55178/
"Кран радиаторный прямой 1/2"" Gappo",462,3,https://www.konturterm.ru/catalog/otoplenie/armatura_dlya_radiatorov/termostaticheskie_klapany/140736/
"Кран радиаторный угловой 1/2"" Gappo",462,1,https://www.konturterm.ru/catalog/otoplenie/armatura_dlya_radiatorov/termostaticheskie_klapany/140737/
"Ключ для сборки чугунных радиаторов Konner 1 1/4"" (7 секц)",461,4,https://www.konturterm.ru/catalog/otoplenie/radiatory/komplektuyushchie_dlya_radiatorov/61195/
"Кран обратки угловой 1/2""хром Teide ARCO",457,1,https://www.konturterm.ru/catalog/otoplenie/radiatory/komplektuyushchie_dlya_radiatorov/60495/
"Клапан термостатич. для радиаторов Danfoss M23,5x1,5",450,70,https://www.konturterm.ru/catalog/otoplenie/radiatory/komplektuyushchie_dlya_radiatorov/140731/
"Комплект Fondital для монтажа алюм.радиаторов 3/4""х1/2"" (4 пробки 1/2"",спускник воздуха, заглушка)",428,26,https://www.konturterm.ru/catalog/otoplenie/radiatory/komplektuyushchie_dlya_radiatorov/53924/
"Кран радиаторный прямой 1/2"" KALDE",390,755,https://www.konturterm.ru/catalog/otoplenie/armatura_dlya_radiatorov/termostaticheskie_klapany/140729/
"Комплект для монтажа алюм.радиаторов Konner 1х3/4"" (4 пробки 3/4"",3крепл,спускник воздуха, заглушка)",362,429,https://www.konturterm.ru/catalog/otoplenie/radiatory/komplektuyushchie_dlya_radiatorov/58075/
"Кран обратки ARCO прямой 1/2"" под шестигранник Lockshield",356,3,https://www.konturterm.ru/catalog/otoplenie/radiatory/komplektuyushchie_dlya_radiatorov/50959/
"Кран обратки ARCO прямой (металлический) 1/2"" под шестигранник Lockshield",356,2,https://www.konturterm.ru/catalog/otoplenie/radiatory/komplektuyushchie_dlya_radiatorov/52613/
"Кран обратки угловой 1/2""х16 для металлопластиковых труб б/зажимки ARCO",354,34,https://www.konturterm.ru/catalog/otoplenie/radiatory/komplektuyushchie_dlya_radiatorov/58140/
"Кран обратки  ARCO угловой 15 х 1/2"" (ПВ х РН) Lockshield",350,5,https://www.konturterm.ru/catalog/otoplenie/radiatory/komplektuyushchie_dlya_radiatorov/54496/
"Кран обратки ARCO угловой 1/2"" с металлической крышкой",347,14,https://www.konturterm.ru/catalog/otoplenie/radiatory/komplektuyushchie_dlya_radiatorov/61275/
"Кран радиаторный угловой 1/2"" KALDE",340,917,https://www.konturterm.ru/catalog/otoplenie/armatura_dlya_radiatorov/termostaticheskie_klapany/140726/
Клапан маевского Classic-art бронза 1/2РН -CarloPoletti-,338,1,https://www.konturterm.ru/catalog/otoplenie/radiatory/komplektuyushchie_dlya_radiatorov/57542/
Крепеж TKK (для Zehnder Charlston) 9016 белый,295,2,https://www.konturterm.ru/catalog/otoplenie/radiatory/komplektuyushchie_dlya_radiatorov/54811/
Крепление для чугунных радиаторов (настенное),286,12,https://www.konturterm.ru/catalog/otoplenie/radiatory/komplektuyushchie_dlya_radiatorov/54800/
"Комплект для монтажа алюм.радиаторов Konner 1х3/4"" (4 пробки 3/4"", спускник воздуха, заглушка)",284,704,https://www.konturterm.ru/catalog/otoplenie/radiatory/komplektuyushchie_dlya_radiatorov/59434/
"Комплект для монтажа алюм.радиаторов Konner 1х1/2"" (4 пробки 1/2"", спускник воздуха, заглушка)",279,2,https://www.konturterm.ru/catalog/otoplenie/radiatory/komplektuyushchie_dlya_radiatorov/59313/
Розета декоративная Carlo Poletti d55-d15 белая,271,24,https://www.konturterm.ru/catalog/otoplenie/radiatory/komplektuyushchie_dlya_radiatorov/59097/
Ниппели HERZ с уплотн. 1/2 х 3/4 EK (комплект 2 шт.) для подключений,259,17,https://www.konturterm.ru/catalog/otoplenie/radiatory/komplektuyushchie_dlya_radiatorov/56565/
"Комплект для монтажа алюм.радиаторов Konner 1х1/2"" (4 пробки1/2"",3 крепл,спускник воздуха, заглушка)",256,1,https://www.konturterm.ru/catalog/otoplenie/radiatory/komplektuyushchie_dlya_radiatorov/58074/
"Пробка Viadrus для чугунных радиаторов 5/4х3/4"" левая",203,1,https://www.konturterm.ru/catalog/otoplenie/radiatory/komplektuyushchie_dlya_radiatorov/59312/
Розета декоративная Carlo Poletti d55-d15 хром,197,20,https://www.konturterm.ru/catalog/otoplenie/radiatory/komplektuyushchie_dlya_radiatorov/59096/
"Привод ручной Herz ""Design-H"" для термовентиля",191,2,https://www.konturterm.ru/catalog/otoplenie/radiatory/komplektuyushchie_dlya_radiatorov/54235/
"Пробка Viadrus для чугунных радиаторов 5/4х1/2"" левая",176,2,https://www.konturterm.ru/catalog/otoplenie/radiatory/komplektuyushchie_dlya_radiatorov/51118/
"Пробка Viadrus для чугунных радиаторов 5/4х1/2"" правая",176,2,https://www.konturterm.ru/catalog/otoplenie/radiatory/komplektuyushchie_dlya_radiatorov/61718/
Деаэратор для радиаторов,158,3,https://www.konturterm.ru/catalog/otoplenie/radiatory/komplektuyushchie_dlya_radiatorov/51594/
"Пробка Viadrus для чугунных радиаторов 5/4"" правая глухая",155,277,https://www.konturterm.ru/catalog/otoplenie/radiatory/komplektuyushchie_dlya_radiatorov/51119/
"Пробка Viadrus для чугунных радиаторов 5/4"" левая глухая",155,10,https://www.konturterm.ru/catalog/otoplenie/radiatory/komplektuyushchie_dlya_radiatorov/51120/
Гильза коническая Herz для подключения к радиатору G 3/4 (комп 2 шт.),143,52,https://www.konturterm.ru/catalog/otoplenie/radiatory/komplektuyushchie_dlya_radiatorov/58168/
"Комплект плоских кронштейнов с дюбелем 7,2х170мм, черные Royal Thermo",133,24,https://www.konturterm.ru/catalog/otoplenie/radiatory/komplektuyushchie_dlya_radiatorov/52592/
Зажим М24*16 мм для крана обратки TEIDE ARCO,119,1148,https://www.konturterm.ru/catalog/otoplenie/radiatory/komplektuyushchie_dlya_radiatorov/51323/
"Пробка Fondital для алюминиевых радиаторов 1""х3/4"" левая",90,35,https://www.konturterm.ru/catalog/otoplenie/radiatory/komplektuyushchie_dlya_radiatorov/61716/
"Пробка Fondital для алюминиевых радиаторов 1""х3/4"" правая",90,70,https://www.konturterm.ru/catalog/otoplenie/radiatory/komplektuyushchie_dlya_radiatorov/61717/
"Пробка Fondital для алюминиевых радиаторов 1"" левая глухая",81,70,https://www.konturterm.ru/catalog/otoplenie/radiatory/komplektuyushchie_dlya_radiatorov/61712/
"Пробка Fondital для алюминиевых радиаторов 1"" правая глухая",81,33,https://www.konturterm.ru/catalog/otoplenie/radiatory/komplektuyushchie_dlya_radiatorov/61713/
"Пробка Fondital для алюминиевых радиаторов 1""х1/2"" левая",81,69,https://www.konturterm.ru/catalog/otoplenie/radiatory/komplektuyushchie_dlya_radiatorov/61714/
"Пробка Fondital для алюминиевых радиаторов 1""х1/2"" правая",81,62,https://www.konturterm.ru/catalog/otoplenie/radiatory/komplektuyushchie_dlya_radiatorov/61715/
Ниппель для чугунных радиаторов Konner 40 мм,76,10,https://www.konturterm.ru/catalog/otoplenie/radiatory/komplektuyushchie_dlya_radiatorov/52375/
"Пробка для чугунных радиаторов Konner 6/4х3/4"" левая проходная",75,39,https://www.konturterm.ru/catalog/otoplenie/radiatory/komplektuyushchie_dlya_radiatorov/52378/
"Пробка для чугунных радиаторов Konner 6/4х3/4"" правая проходная",75,42,https://www.konturterm.ru/catalog/otoplenie/radiatory/komplektuyushchie_dlya_radiatorov/52379/
Крепление для чугунных радиаторов Konner,75,87,https://www.konturterm.ru/catalog/instrumenty_dlya_montazha/krepezh_i_metizy/dyubeli/60677/
Переходник Gappo с уплотн. 1/2 х 3/4 EK (комплект 2 шт.) для подключений,75,25,https://www.konturterm.ru/catalog/otoplenie/radiatory/komplektuyushchie_dlya_radiatorov/140735/
"Крепление Borpan C11, C22, V11, V22",64,48,https://www.konturterm.ru/catalog/otoplenie/radiatory/komplektuyushchie_dlya_radiatorov/140473/
"Пробка для чугунных радиаторов Konner 5/4х1/2"" левая проходная",54,3,https://www.konturterm.ru/catalog/otoplenie/radiatory/komplektuyushchie_dlya_radiatorov/139230/
"Пробка для чугунных радиаторов Konner 5/4х1/2"" правая проходная",54,2,https://www.konturterm.ru/catalog/otoplenie/radiatory/komplektuyushchie_dlya_radiatorov/139231/
Крепление для алюминиевых радиаторов (угловое),53,74,https://www.konturterm.ru/catalog/otoplenie/radiatory/komplektuyushchie_dlya_radiatorov/56248/
Крепление для алюминиевых радиаторов Konner,51,274,https://www.konturterm.ru/catalog/otoplenie/radiatory/komplektuyushchie_dlya_radiatorov/49848/
"Ниппель для чугунных радиаторов 5/4""",46,62,https://www.konturterm.ru/catalog/otoplenie/radiatory/komplektuyushchie_dlya_radiatorov/51141/
"Пробка для чугунных радиаторов Konner 1"" правая глухая",39,4,https://www.konturterm.ru/catalog/otoplenie/radiatory/komplektuyushchie_dlya_radiatorov/48850/
"Ниппель Fondital для чугунных и алюминиевых радиаторов 1""",30,9,https://www.konturterm.ru/catalog/otoplenie/radiatory/komplektuyushchie_dlya_radiatorov/56569/
"Ниппель соединительный для алюм. радиаторов Konner 1"" оцинк.",30,1,https://www.konturterm.ru/catalog/otoplenie/radiatory/komplektuyushchie_dlya_radiatorov/132162/
"Прокладка для чугунных радиаторов Konner 5/4"" силикон",10,3,https://www.konturterm.ru/catalog/otoplenie/radiatory/komplektuyushchie_dlya_radiatorov/51121/
"Ниппель Fondital для алюминиевых радиаторов 3/4""",10,21,https://www.konturterm.ru/catalog/otoplenie/radiatory/komplektuyushchie_dlya_radiatorov/53926/
"Прокладка для чугунных радиаторов Konner 1 1/2"" силикон",9,2,https://www.konturterm.ru/catalog/otoplenie/radiatory/komplektuyushchie_dlya_radiatorov/52380/
"Прокладка Fondital для пробок алюминиевых радиаторов 1"" Fondital (паранит)",8,360,https://www.konturterm.ru/catalog/otoplenie/radiatory/komplektuyushchie_dlya_radiatorov/50518/
"Прокладка Fondital для ниппелей алюминиевых радиаторов 1"" (паранит)",8,360,https://www.konturterm.ru/catalog/otoplenie/radiatory/komplektuyushchie_dlya_radiatorov/51969/
"Прокладка межсекционная Сантехкомплект 1"" силикон",5,128,https://www.konturterm.ru/catalog/otoplenie/radiatory/komplektuyushchie_dlya_radiatorov/57795/
"Прокладка для чугунных радиаторов Demir 1"" паранит",2,561,https://www.konturterm.ru/catalog/otoplenie/radiatory/komplektuyushchie_dlya_radiatorov/56862/
Радиатор Zehnder Charleston 3220/17 5410 Beige Quartz (3393 Вт) с креплением 3хSMB2T,154869,1,https://www.konturterm.ru/catalog/otoplenie/radiatory/stalnye_trubchatye/54040/
Радиатор Zehnder Charleston 3030/32 V001 Beige Quartz,72699,1,https://www.konturterm.ru/catalog/otoplenie/radiatory/stalnye_trubchatye/63365/
"Радиатор чугунный Konner ""Nostalgia"" (980 Вт) 6 СЕКЦИЙ",58038,4,https://www.konturterm.ru/catalog/otoplenie/radiatory/chugunnye/138970/
яКонвектор отопительный Katherm NK 272-2750-92 ролл алюм. (773 Вт),54262,1,https://www.konturterm.ru/catalog/otoplenie/radiatory/vnutripolnye_konvektory/50630/
яКонвектор отопительный Katherm NK 182-3400-92 ролл алюм. (852 Вт),49889,1,https://www.konturterm.ru/catalog/otoplenie/radiatory/vnutripolnye_konvektory/49642/
"Радиатор Zehnder Charleston 5055/20  1270 1/2"" RAL9016 (белый) (1820 Вт)",47934,2,https://www.konturterm.ru/catalog/otoplenie/radiatory/stalnye_trubchatye/54782/
яКонвектор отопительный Katherm NK 182-3600-92 ролл алюм. (907Вт),47315,1,https://www.konturterm.ru/catalog/otoplenie/radiatory/vnutripolnye_konvektory/59618/
"Радиатор Zehnder Charleston 4055/15  1270 1/2"" RAL0325TL ""Английские"" приварные ноги H-100мм",45858,1,https://www.konturterm.ru/catalog/otoplenie/radiatory/stalnye_trubchatye/60526/
яКонвектор отопительный Katherm NK 272-2250-92 ролл алюм. (654 Вт),45806,1,https://www.konturterm.ru/catalog/otoplenie/radiatory/vnutripolnye_konvektory/60936/
яКонвектор отопительный Katherm NK 182-2600-92 ролл алюм. (630Вт),42848,4,https://www.konturterm.ru/catalog/otoplenie/radiatory/vnutripolnye_konvektory/49520/
яКонвектор отопительный Katherm NK 182-3200-92 ролл алюм. (796 Вт),42635,3,https://www.konturterm.ru/catalog/otoplenie/radiatory/vnutripolnye_konvektory/50126/
"Радиатор Zehnder Charleston 3180/06 3470 1/2"" RAL9016 (белый) (996 Вт)",41805,10,https://www.konturterm.ru/catalog/otoplenie/radiatory/stalnye_trubchatye/54788/
Радиатор PURMO стальной панельный CV-33 600х2600 мм (6126 Вт),40940,7,https://www.konturterm.ru/catalog/otoplenie/radiatory/panelnye/54421/
яКонвектор отопительный Katherm NK 182-2800-92 ролл алюм. (686 Вт),39733,2,https://www.konturterm.ru/catalog/otoplenie/radiatory/vnutripolnye_konvektory/50499/
яКонвектор отопительный Katherm NK 182-2400-92 ролл алюм. (575 Вт),39520,1,https://www.konturterm.ru/catalog/otoplenie/radiatory/vnutripolnye_konvektory/57904/
яКонвектор отопительный Katherm NK 272-1750-92 ролл алюм. (487 Вт),37350,3,https://www.konturterm.ru/catalog/otoplenie/radiatory/vnutripolnye_konvektory/60935/
"Радиатор Zehnder Charleston 3057/20  1270 1/2"" RAL9016 (белый) (1140 Вт)",36520,2,https://www.konturterm.ru/catalog/otoplenie/radiatory/stalnye_trubchatye/54784/
"Радиатор Zehnder Charleston 4075/15  1270 1/2"" RAL9016 (белый) (1455 Вт)",36411,4,https://www.konturterm.ru/catalog/otoplenie/radiatory/stalnye_trubchatye/50557/
яКонвектор отопительный Katherm NK 182-2200-92 ролл алюм. (519 Вт),34320,2,https://www.konturterm.ru/catalog/otoplenie/radiatory/vnutripolnye_konvektory/58346/
Радиатор PURMO стальной панельный CV-33 300х3000 мм (4041 Вт),31630,1,https://www.konturterm.ru/catalog/otoplenie/radiatory/panelnye/57162/
"Радиатор Zehnder Charleston 3019/20  1270 1/2"" RAL9016 (белый) (400 Вт)",31287,2,https://www.konturterm.ru/catalog/otoplenie/radiatory/stalnye_trubchatye/54780/
яКонвектор отопительный Katherm NK 182-1400-92 ролл клен натур.,30949,2,https://www.konturterm.ru/catalog/otoplenie/radiatory/vnutripolnye_konvektory/57605/
яКонвектор отопительный Katherm NK 182-2000-92 ролл алюм. (464 Вт),29905,1,https://www.konturterm.ru/catalog/otoplenie/radiatory/vnutripolnye_konvektory/53195/
"Радиатор Zehnder Charleston 3035/20  1270 1/2"" RAL9016 (белый) (740 Вт)",29827,1,https://www.konturterm.ru/catalog/otoplenie/radiatory/stalnye_trubchatye/57604/
яКонвектор отопительный Katherm NK 182-1200-92 ролл клен натур.,29120,1,https://www.konturterm.ru/catalog/otoplenie/radiatory/vnutripolnye_konvektory/58234/
"Радиатор Zehnder Charleston 3120/9  1270 1/2"" RAL9016 (белый) (1035 Вт)",26926,2,https://www.konturterm.ru/catalog/otoplenie/radiatory/stalnye_trubchatye/60896/
"Радиатор Zehnder Charleston 5055/10  1270 1/2"" RAL9016 (белый) (910 Вт)",23967,1,https://www.konturterm.ru/catalog/otoplenie/radiatory/stalnye_trubchatye/54781/
Конвектор внутрипольный ITTZ.090.200.2600 (693 Вт),22233,1,https://www.konturterm.ru/catalog/otoplenie/radiatory/vnutripolnye_konvektory/141046/
Конвектор внутрипольный ITTZ.090.200.2800 (752 Вт),21386,1,https://www.konturterm.ru/catalog/otoplenie/radiatory/vnutripolnye_konvektory/141052/
Радиатор PURMO стальной панельный CV-22 600х1800 мм (3076 Вт),21210,2,https://www.konturterm.ru/catalog/otoplenie/radiatory/panelnye/57160/
Конвектор внутрипольный ITTZ.090.200.2400 (632 Вт),20937,4,https://www.konturterm.ru/catalog/otoplenie/radiatory/vnutripolnye_konvektory/140043/
Конвектор внутрипольный ITTZ.090.200.2200 (571 Вт),19212,1,https://www.konturterm.ru/catalog/otoplenie/radiatory/vnutripolnye_konvektory/141045/
"Радиатор Zehnder Charleston 2090/10  1270 1/2"" RAL9016 (белый) (640 Вт)",18423,2,https://www.konturterm.ru/catalog/otoplenie/radiatory/stalnye_trubchatye/54189/
Конвектор внутрипольный ITTZ.090.200.2000 (510 Вт),18270,3,https://www.konturterm.ru/catalog/otoplenie/radiatory/vnutripolnye_konvektory/140042/
"Радиатор чугун. Konner Модерн 500 (кран спускник, пробки 3/4"", 140 Вт) 10 секций",18265,33,https://www.konturterm.ru/catalog/otoplenie/radiatory/chugunnye/49305/
"Радиатор Zehnder Charleston 3057/10  1270 1/2"" RAL9016 (белый) (570 Вт)",18259,1,https://www.konturterm.ru/catalog/otoplenie/radiatory/stalnye_trubchatye/54783/
Радиатор PURMO стальной панельный C-22 900х1200 мм (2866 Вт),17530,5,https://www.konturterm.ru/catalog/otoplenie/radiatory/panelnye/139092/
"Радиатор Zehnder Charleston 3035/10  1270 1/2"" RAL9016 (белый) (370 Вт)",17084,3,https://www.konturterm.ru/catalog/otoplenie/radiatory/stalnye_trubchatye/60860/
Радиатор PURMO стальной панельный CV-22 300х2000 мм (1922 Вт),16990,2,https://www.konturterm.ru/catalog/otoplenie/radiatory/panelnye/57135/
Радиатор Borpan стальной панельный V-22 600х2000 мм (3308 Вт),16237,5,https://www.konturterm.ru/catalog/otoplenie/radiatory/panelnye/140622/
Конвектор внутрипольный ITTZ.090.200.1800 (451 Вт),16163,3,https://www.konturterm.ru/catalog/otoplenie/radiatory/vnutripolnye_konvektory/141044/
Радиатор PURMO стальной панельный CV-22 300х1800 мм (1730 Вт),15840,2,https://www.konturterm.ru/catalog/otoplenie/radiatory/panelnye/57134/
Радиатор PURMO стальной панельный C-22 900х1000 мм (2388 Вт),15200,9,https://www.konturterm.ru/catalog/otoplenie/radiatory/panelnye/139091/
Конвектор внутрипольный ITTZ.090.200.1600 (391 Вт),15196,5,https://www.konturterm.ru/catalog/otoplenie/radiatory/vnutripolnye_konvektory/140041/
Радиатор Borpan стальной панельный V-22 600х1800 мм (2977 Вт),14897,8,https://www.konturterm.ru/catalog/otoplenie/radiatory/panelnye/140621/
Радиатор Borpan стальной панельный V-22 500х2000 мм (2860 Вт),14630,2,https://www.konturterm.ru/catalog/otoplenie/radiatory/panelnye/140607/
Радиатор PURMO стальной панельный CV-22 600х900 мм (1538 Вт),14120,1,https://www.konturterm.ru/catalog/otoplenie/radiatory/panelnye/57154/
"Радиатор Zehnder Charleston 3019/10  1270 1/2"" RAL9016 (белый) (200 Вт)",14045,3,https://www.konturterm.ru/catalog/otoplenie/radiatory/stalnye_trubchatye/54779/
Решетка для конвектора SGZ-20 2600 ролл алюминий,13892,1,https://www.konturterm.ru/catalog/otoplenie/radiatory/vnutripolnye_konvektory/141051/
Конвектор внутрипольный ITTZ.090.200.1400 (331 Вт),13881,1,https://www.konturterm.ru/catalog/otoplenie/radiatory/vnutripolnye_konvektory/141043/
Радиатор PURMO стальной панельный C-22 500х1400 мм (2058 Вт),13610,5,https://www.konturterm.ru/catalog/otoplenie/radiatory/panelnye/57076/
Решетка для конвектора SGZ-20 2800 ролл алюминий,13600,1,https://www.konturterm.ru/catalog/otoplenie/radiatory/vnutripolnye_konvektory/141053/
Радиатор Zehnder Charleston 3220/17 5410 Beige Quartz (3393 Вт) с креплением 3хSMB2T,154869,1,https://www.konturterm.ru/catalog/otoplenie/radiatory/stalnye_trubchatye/54040/
Радиатор Zehnder Charleston 3030/32 V001 Beige Quartz,72699,1,https://www.konturterm.ru/catalog/otoplenie/radiatory/stalnye_trubchatye/63365/
"Радиатор чугунный Konner ""Nostalgia"" (980 Вт) 6 СЕКЦИЙ",58038,4,https://www.konturterm.ru/catalog/otoplenie/radiatory/chugunnye/138970/
яКонвектор отопительный Katherm NK 272-2750-92 ролл алюм. (773 Вт),54262,1,https://www.konturterm.ru/catalog/otoplenie/radiatory/vnutripolnye_konvektory/50630/
яКонвектор отопительный Katherm NK 182-3400-92 ролл алюм. (852 Вт),49889,1,https://www.konturterm.ru/catalog/otoplenie/radiatory/vnutripolnye_konvektory/49642/
"Радиатор Zehnder Charleston 5055/20  1270 1/2"" RAL9016 (белый) (1820 Вт)",47934,2,https://www.konturterm.ru/catalog/otoplenie/radiatory/stalnye_trubchatye/54782/
яКонвектор отопительный Katherm NK 182-3600-92 ролл алюм. (907Вт),47315,1,https://www.konturterm.ru/catalog/otoplenie/radiatory/vnutripolnye_konvektory/59618/
"Радиатор Zehnder Charleston 4055/15  1270 1/2"" RAL0325TL ""Английские"" приварные ноги H-100мм",45858,1,https://www.konturterm.ru/catalog/otoplenie/radiatory/stalnye_trubchatye/60526/
яКонвектор отопительный Katherm NK 272-2250-92 ролл алюм. (654 Вт),45806,1,https://www.konturterm.ru/catalog/otoplenie/radiatory/vnutripolnye_konvektory/60936/
яКонвектор отопительный Katherm NK 182-2600-92 ролл алюм. (630Вт),42848,4,https://www.konturterm.ru/catalog/otoplenie/radiatory/vnutripolnye_konvektory/49520/
яКонвектор отопительный Katherm NK 182-3200-92 ролл алюм. (796 Вт),42635,3,https://www.konturterm.ru/catalog/otoplenie/radiatory/vnutripolnye_konvektory/50126/
"Радиатор Zehnder Charleston 3180/06 3470 1/2"" RAL9016 (белый) (996 Вт)",41805,10,https://www.konturterm.ru/catalog/otoplenie/radiatory/stalnye_trubchatye/54788/
Радиатор PURMO стальной панельный CV-33 600х2600 мм (6126 Вт),40940,7,https://www.konturterm.ru/catalog/otoplenie/radiatory/panelnye/54421/
яКонвектор отопительный Katherm NK 182-2800-92 ролл алюм. (686 Вт),39733,2,https://www.konturterm.ru/catalog/otoplenie/radiatory/vnutripolnye_konvektory/50499/
яКонвектор отопительный Katherm NK 182-2400-92 ролл алюм. (575 Вт),39520,1,https://www.konturterm.ru/catalog/otoplenie/radiatory/vnutripolnye_konvektory/57904/
яКонвектор отопительный Katherm NK 272-1750-92 ролл алюм. (487 Вт),37350,3,https://www.konturterm.ru/catalog/otoplenie/radiatory/vnutripolnye_konvektory/60935/
"Радиатор Zehnder Charleston 3057/20  1270 1/2"" RAL9016 (белый) (1140 Вт)",36520,2,https://www.konturterm.ru/catalog/otoplenie/radiatory/stalnye_trubchatye/54784/
"Радиатор Zehnder Charleston 4075/15  1270 1/2"" RAL9016 (белый) (1455 Вт)",36411,4,https://www.konturterm.ru/catalog/otoplenie/radiatory/stalnye_trubchatye/50557/
яКонвектор отопительный Katherm NK 182-2200-92 ролл алюм. (519 Вт),34320,2,https://www.konturterm.ru/catalog/otoplenie/radiatory/vnutripolnye_konvektory/58346/
Радиатор PURMO стальной панельный CV-33 300х3000 мм (4041 Вт),31630,1,https://www.konturterm.ru/catalog/otoplenie/radiatory/panelnye/57162/
"Радиатор Zehnder Charleston 3019/20  1270 1/2"" RAL9016 (белый) (400 Вт)",31287,2,https://www.konturterm.ru/catalog/otoplenie/radiatory/stalnye_trubchatye/54780/
яКонвектор отопительный Katherm NK 182-1400-92 ролл клен натур.,30949,2,https://www.konturterm.ru/catalog/otoplenie/radiatory/vnutripolnye_konvektory/57605/
яКонвектор отопительный Katherm NK 182-2000-92 ролл алюм. (464 Вт),29905,1,https://www.konturterm.ru/catalog/otoplenie/radiatory/vnutripolnye_konvektory/53195/
"Радиатор Zehnder Charleston 3035/20  1270 1/2"" RAL9016 (белый) (740 Вт)",29827,1,https://www.konturterm.ru/catalog/otoplenie/radiatory/stalnye_trubchatye/57604/
яКонвектор отопительный Katherm NK 182-1200-92 ролл клен натур.,29120,1,https://www.konturterm.ru/catalog/otoplenie/radiatory/vnutripolnye_konvektory/58234/
"Радиатор Zehnder Charleston 3120/9  1270 1/2"" RAL9016 (белый) (1035 Вт)",26926,2,https://www.konturterm.ru/catalog/otoplenie/radiatory/stalnye_trubchatye/60896/
"Радиатор Zehnder Charleston 5055/10  1270 1/2"" RAL9016 (белый) (910 Вт)",23967,1,https://www.konturterm.ru/catalog/otoplenie/radiatory/stalnye_trubchatye/54781/
Конвектор внутрипольный ITTZ.090.200.2600 (693 Вт),22233,1,https://www.konturterm.ru/catalog/otoplenie/radiatory/vnutripolnye_konvektory/141046/
Конвектор внутрипольный ITTZ.090.200.2800 (752 Вт),21386,1,https://www.konturterm.ru/catalog/otoplenie/radiatory/vnutripolnye_konvektory/141052/
Радиатор PURMO стальной панельный CV-22 600х1800 мм (3076 Вт),21210,2,https://www.konturterm.ru/catalog/otoplenie/radiatory/panelnye/57160/
Конвектор внутрипольный ITTZ.090.200.2400 (632 Вт),20937,4,https://www.konturterm.ru/catalog/otoplenie/radiatory/vnutripolnye_konvektory/140043/
Конвектор внутрипольный ITTZ.090.200.2200 (571 Вт),19212,1,https://www.konturterm.ru/catalog/otoplenie/radiatory/vnutripolnye_konvektory/141045/
"Радиатор Zehnder Charleston 2090/10  1270 1/2"" RAL9016 (белый) (640 Вт)",18423,2,https://www.konturterm.ru/catalog/otoplenie/radiatory/stalnye_trubchatye/54189/
Конвектор внутрипольный ITTZ.090.200.2000 (510 Вт),18270,3,https://www.konturterm.ru/catalog/otoplenie/radiatory/vnutripolnye_konvektory/140042/
"Радиатор чугун. Konner Модерн 500 (кран спускник, пробки 3/4"", 140 Вт) 10 секций",18265,33,https://www.konturterm.ru/catalog/otoplenie/radiatory/chugunnye/49305/
"Радиатор Zehnder Charleston 3057/10  1270 1/2"" RAL9016 (белый) (570 Вт)",18259,1,https://www.konturterm.ru/catalog/otoplenie/radiatory/stalnye_trubchatye/54783/
Радиатор PURMO стальной панельный C-22 900х1200 мм (2866 Вт),17530,5,https://www.konturterm.ru/catalog/otoplenie/radiatory/panelnye/139092/
"Радиатор Zehnder Charleston 3035/10  1270 1/2"" RAL9016 (белый) (370 Вт)",17084,3,https://www.konturterm.ru/catalog/otoplenie/radiatory/stalnye_trubchatye/60860/
Радиатор PURMO стальной панельный CV-22 300х2000 мм (1922 Вт),16990,2,https://www.konturterm.ru/catalog/otoplenie/radiatory/panelnye/57135/
Радиатор Borpan стальной панельный V-22 600х2000 мм (3308 Вт),16237,5,https://www.konturterm.ru/catalog/otoplenie/radiatory/panelnye/140622/
Конвектор внутрипольный ITTZ.090.200.1800 (451 Вт),16163,3,https://www.konturterm.ru/catalog/otoplenie/radiatory/vnutripolnye_konvektory/141044/
Радиатор PURMO стальной панельный CV-22 300х1800 мм (1730 Вт),15840,2,https://www.konturterm.ru/catalog/otoplenie/radiatory/panelnye/57134/
Радиатор PURMO стальной панельный C-22 900х1000 мм (2388 Вт),15200,9,https://www.konturterm.ru/catalog/otoplenie/radiatory/panelnye/139091/
Конвектор внутрипольный ITTZ.090.200.1600 (391 Вт),15196,5,https://www.konturterm.ru/catalog/otoplenie/radiatory/vnutripolnye_konvektory/140041/
Радиатор Borpan стальной панельный V-22 600х1800 мм (2977 Вт),14897,8,https://www.konturterm.ru/catalog/otoplenie/radiatory/panelnye/140621/
Радиатор Borpan стальной панельный V-22 500х2000 мм (2860 Вт),14630,2,https://www.konturterm.ru/catalog/otoplenie/radiatory/panelnye/140607/
Радиатор PURMO стальной панельный CV-22 600х900 мм (1538 Вт),14120,1,https://www.konturterm.ru/catalog/otoplenie/radiatory/panelnye/57154/
"Радиатор Zehnder Charleston 3019/10  1270 1/2"" RAL9016 (белый) (200 Вт)",14045,3,https://www.konturterm.ru/catalog/otoplenie/radiatory/stalnye_trubchatye/54779/
Решетка для конвектора SGZ-20 2600 ролл алюминий,13892,1,https://www.konturterm.ru/catalog/otoplenie/radiatory/vnutripolnye_konvektory/141051/
Конвектор внутрипольный ITTZ.090.200.1400 (331 Вт),13881,1,https://www.konturterm.ru/catalog/otoplenie/radiatory/vnutripolnye_konvektory/141043/
Радиатор PURMO стальной панельный C-22 500х1400 мм (2058 Вт),13610,5,https://www.konturterm.ru/catalog/otoplenie/radiatory/panelnye/57076/
Решетка для конвектора SGZ-20 2800 ролл алюминий,13600,1,https://www.konturterm.ru/catalog/otoplenie/radiatory/vnutripolnye_konvektory/141053/
